Feature,Effect
Hours_Studied,12.560017282961269
Attendance,7.923421009595968
Tutoring_Sessions,3.8626350687581086
Previous_Scores,2.450371239922025
Access_to_Resources,2.092597312221298
Parental_Involvement,2.0316118871093956
Motivation_Level,1.0804094046157944
Teacher_Quality,1.0552303061550572
Physical_Activity,1.0393275790149104
Parental_Education_Level,1.013045270208056
Family_Income,1.0013351532290196
Peer_Influence,0.9887079968924654
Internet_Access,0.9473424777685772
Distance_from_Home,0.9268697917546108
Learning_Disabilities,-0.8850749573670336
Extracurricular_Activities,0.5501593601789321
Sleep_Hours,-0.0495069645094548
Gender,-0.0147729269241334
School_Type,-0.0093709894338611
