Feature,Type,Model_Coefficient,Marks_Per_Unit
Attendance,numeric,2.284560281060654,0.19808552523989928
Hours_Studied,numeric,1.7429875832291182,0.2920934251851458
Access_to_Resources,ordinal,1.0462986561106493,1.0462986561106493
Parental_Involvement,ordinal,1.0158059435546978,1.0158059435546978
Internet_Access,binary,0.9473424777685773,0.9473424777685773
Learning_Disabilities,binary,-0.8850749573670336,-0.8850749573670336
Previous_Scores,numeric,0.7039013771267564,0.049007424798440585
Tutoring_Sessions,numeric,0.5951572246404805,0.48282938359476363
Extracurricular_Activities,binary,0.5501593601789321,0.5501593601789321
Motivation_Level,ordinal,0.5402047023078972,0.5402047023078972
Teacher_Quality,ordinal,0.5276151530775286,0.5276151530775286
Parental_Education_Level,ordinal,0.506522635104028,0.506522635104028
Family_Income,ordinal,0.5006675766145098,0.5006675766145098
Peer_Influence,ordinal,0.4943539984462327,0.4943539984462327
Distance_from_Home,ordinal,0.46343489587730546,0.46343489587730546
Physical_Activity,numeric,0.17837718773313696,0.1732212631691517
Gender,binary,-0.014772926924133484,-0.014772926924133484
Sleep_Hours,numeric,-0.012127195127696179,-0.00825116075157589
School_Type,binary,-0.009370989433861197,-0.009370989433861197
